Tipster_Name,MeetingDate,TrackName,Content,International_Meeting,Racing_Code,Race,Selection,BettingStrategy,MarketType,RP,SelectionName,Stake,BestBet,Market_ID,Selection_ID,MBR,RESULT,BSP,PROFIT_BSP,PROFIT_BSP_RP,PROFIT_BESTBET
Mark Lawrence,13/10/2025,Globe Derby,EXPERT TIPS,FALSE,Harness,5,4,LAY,WIN,$6.00,4. My Ultimate Harry,2,BEST BET,248964984,64092046,8,0,4.62,0.51,0.51,0.51
Mark Lawrence,13/10/2025,Globe Derby,EXPERT TIPS,FALSE,Harness,8,9,BACK,WIN,$3.50,9. Childers Road,2,BEST BET,248964990,23626805,8,0,2.2,-2.00,0.00,-2.00
Greg Polson,13/10/2025,Kembla Grange,EXPERT TIPS,FALSE,Thoroughbred,1,1,BACK,WIN,,1. Eagles Beware,2,,248922863,75795993,10,0,4.31,-2.00,-2.00,0.00
Greg Polson,13/10/2025,Kembla Grange,EXPERT TIPS,FALSE,Thoroughbred,2,1,BACK,WIN,,1. Waerea,2,,248922868,89708216,10,0,1.62,-2.00,-2.00,0.00
Shayne O'Cass,13/10/2025,Kembla Grange,EXPERT TIPS,FALSE,Thoroughbred,2,5,BACK,WIN,,5. Fit For A Prince,2,,248922868,89708220,10,0,55,-2.00,-2.00,0.00
Shayne O'Cass,13/10/2025,Kembla Grange,EXPERT TIPS,FALSE,Thoroughbred,2,5,BACK,PLACE,,5. Fit For A Prince,2,,248922869,89708220,10,0,5,-2.00,-2.00,0.00
Greg Polson,13/10/2025,Kembla Grange,EXPERT TIPS,FALSE,Thoroughbred,3,2,BACK,WIN,,2. Bella Wahine,2,,248922873,89708223,10,0,3.63,-2.00,-2.00,0.00
The Leg Up,13/10/2025,Kembla Grange,EXPERT TIPS,FALSE,Thoroughbred,3,6,BACK,WIN,$4.00,6. Made In Italy,1,,248922873,89708227,10,0,5.1,-1.00,-1.00,0.00
Shayne O'Cass,13/10/2025,Kembla Grange,EXPERT TIPS,FALSE,Thoroughbred,4,12,BACK,WIN,,12. Saloon Passage,2,BEST BET,248922878,1118591,10,0,16.63,-2.00,-2.00,-2.00
Greg Polson,13/10/2025,Kembla Grange,EXPERT TIPS,FALSE,Thoroughbred,4,5,BACK,WIN,,5. Aristocrat,2,,248922878,1456935,10,0,4.34,-2.00,-2.00,0.00
Shayne O'Cass,13/10/2025,Kembla Grange,EXPERT TIPS,FALSE,Thoroughbred,5,7,BACK,WIN,,7. Southern Prince,2,,248922883,1448794,10,1,1.59,1.06,1.06,0.00
Greg Polson,13/10/2025,Kembla Grange,EXPERT TIPS,FALSE,Thoroughbred,5,7,BACK,WIN,,7. Southern Prince,2,,248922883,1448794,10,1,1.59,1.06,1.06,0.00
Shayne O'Cass,13/10/2025,Kembla Grange,EXPERT TIPS,FALSE,Thoroughbred,6,9,BACK,WIN,,9. Fullalove,2,,248922888,89708243,10,1,3.25,4.05,4.05,0.00
Greg Polson,13/10/2025,Kembla Grange,EXPERT TIPS,FALSE,Thoroughbred,6,1,BACK,WIN,,1. Everybody Rise,2,,248922888,62788844,10,0,5.2,-2.00,-2.00,0.00
Shayne O'Cass,13/10/2025,Kembla Grange,EXPERT TIPS,FALSE,Thoroughbred,7,4,BACK,WIN,,4. Nymphadora,2,,248922893,66790544,10,0,8.87,-2.00,-2.00,0.00
Greg Polson,13/10/2025,Kembla Grange,EXPERT TIPS,FALSE,Thoroughbred,7,1,BACK,WIN,,1. Sociable,2,,248922893,89623799,10,0,3.85,-2.00,-2.00,0.00
Shayne O'Cass,13/10/2025,Kembla Grange,EXPERT TIPS,FALSE,Thoroughbred,8,4,BACK,WIN,,4. Hells Itch,2,,248922898,46836436,10,0,8.02,-2.00,-2.00,0.00
Greg Polson,13/10/2025,Kembla Grange,EXPERT TIPS,FALSE,Thoroughbred,8,6,BACK,WIN,,6. Tiger Town ,2,,248922898,745597,10,0,4.61,-2.00,-2.00,0.00
The Leg Up,13/10/2025,Kembla Grange,EXPERT TIPS,FALSE,Thoroughbred,8,1,BACK,WIN,$4.20,1. Apollo Mission,1,,248922898,6436947,10,1,4.2,2.88,2.88,0.00
The Leg Up,13/10/2025,Kembla Grange,EXPERT TIPS,FALSE,Thoroughbred,8,7,BACK,WIN,$5.50,7. Zipitalist,1,,248922898,62135491,10,0,6.6,-1.00,-1.00,0.00
Gilbert Gardiner,13/10/2025,Kilmore,EXPERT TIPS,FALSE,Thoroughbred,1,4,BACK,WIN,,4. Grinzinger Champ,2,,248879682,89748472,8,1,5.7,8.65,8.65,0.00
Gilbert Gardiner,13/10/2025,Kilmore,EXPERT TIPS,FALSE,Thoroughbred,4,4,BACK,WIN,,4. Stolen,2,BEST BET,248879709,6798719,8,0,2.56,-2.00,-2.00,-2.00
Gilbert Gardiner,13/10/2025,Kilmore,EXPERT TIPS,FALSE,Thoroughbred,5,1,BACK,WIN,,1. Melidesh,2,,248879718,81264234,8,0,10.82,-2.00,-2.00,0.00
Gilbert Gardiner,13/10/2025,Kilmore,EXPERT TIPS,FALSE,Thoroughbred,7,1,BACK,WIN,,1. Fifi Blue,2,,248879736,62840132,8,0,26,-2.00,-2.00,0.00
Brett & Darren Carroll,13/10/2025,Maryborough,EXPERT TIPS,FALSE,Harness,3,9,BACK,WIN,$2.50,9. Big Boy Mal,1,,248967876,41298426,8,0,15.5,-1.00,-1.00,0.00
Brett & Darren Carroll,13/10/2025,Maryborough,EXPERT TIPS,FALSE,Harness,8,5,BACK,WIN,$2.00,5. Jetaway Saint,2,BEST BET,248967886,84107885,8,1,1.74,1.36,0.00,1.36
Will Norman,13/10/2025,Menangle,EXPERT TIPS,FALSE,Harness,4,10,BACK,WIN,$6.00,10. Jogalong Blue,1,,248965375,27444902,8,0,8.09,-1.00,-1.00,0.00
Will Norman,13/10/2025,Menangle,EXPERT TIPS,FALSE,Harness,5,10,BACK,WIN,$1.70,10. The Great Wave ,3,BEST BET,248965378,68959129,8,0,2.54,-3.00,-3.00,-3.00
Scott Hill,13/10/2025,Pinjarra,EXPERT TIPS,FALSE,Harness,1,3,BACK,WIN,$3.30,3. Lavradore,2,BEST BET,248963446,49892826,8,1,1.81,1.49,0.00,1.49
Michael Tye,13/10/2025,Sandown Park,EXPERT TIPS,FALSE,Greyhounds,10,2,BACK,WIN,$1.45,2. Irish Paddy ,2,,248965523,79227291,8,0,1.29,-2.00,0.00,0.00
Michael Tye,13/10/2025,Sandown Park,EXPERT TIPS,FALSE,Greyhounds,3,4,BACK,WIN,$1.45,4. My Dear Friend ,3,,248965488,84778076,8,0,1.46,-3.00,-3.00,0.00
Michael Tye,13/10/2025,Sandown Park,EXPERT TIPS,FALSE,Greyhounds,4,1,BACK,WIN,$3.85,1. Sunny Lyn ,1,,248965493,88930092,8,0,1.9,-1.00,0.00,0.00
Michael Tye,13/10/2025,Sandown Park,EXPERT TIPS,FALSE,Greyhounds,7,7,LAY,WIN,$3.85,7. Black Thumb ,2,BEST BET,248965508,72610620,8,0,7.97,0.26,0.00,0.26
Michael Tye,13/10/2025,Sandown Park,EXPERT TIPS,FALSE,Greyhounds,8,1,BACK,WIN,$3.10,1. Paw Maud ,1,,248965513,78463716,8,0,6.01,-1.00,-1.00,0.00
Michael Tye,13/10/2025,Sandown Park,EXPERT TIPS,FALSE,Greyhounds,9,1,BACK,WIN,$3.00,1. Ground Control,2,BEST BET,248965518,4848836,8,0,1.92,-2.00,0.00,-2.00
Shayne O'Cass,13/10/2025,Scone,EXPERT TIPS,FALSE,Thoroughbred,1,9,BACK,WIN,,9. Money Games,2,,248922526,89707889,10,1,5,7.20,7.20,0.00
Greg Polson,13/10/2025,Scone,EXPERT TIPS,FALSE,Thoroughbred,1,6,BACK,WIN,,6. Mount Bona,2,,248922526,89707888,10,0,2.23,-2.00,-2.00,0.00
The Leg Up,13/10/2025,Scone,EXPERT TIPS,FALSE,Thoroughbred,1,9,BACK,WIN,$5.00,9. Money Games,1,,248922526,89707889,10,1,5,3.60,3.60,0.00
Greg Polson,13/10/2025,Scone,EXPERT TIPS,FALSE,Thoroughbred,2,3,BACK,WIN,,3. Haze,2,,248922531,77020736,10,1,5.5,8.10,8.10,0.00
Greg Polson,13/10/2025,Scone,EXPERT TIPS,FALSE,Thoroughbred,3,3,BACK,WIN,,3. Speck,2,,248922536,89707892,10,0,2.4,-2.00,-2.00,0.00
Shayne O'Cass,13/10/2025,Scone,EXPERT TIPS,FALSE,Thoroughbred,4,4,BACK,WIN,,4. Grande Diablo,2,BEST BET,248922541,89707896,10,0,12.5,-2.00,-2.00,-2.00
Greg Polson,13/10/2025,Scone,EXPERT TIPS,FALSE,Thoroughbred,4,7,BACK,WIN,,7. Chains Of Love,2,,248922541,89707898,10,1,1.31,0.56,0.56,0.00
Shayne O'Cass,13/10/2025,Scone,EXPERT TIPS,FALSE,Thoroughbred,5,1,BACK,WIN,,1. Favour The Bold,2,,248922546,89707907,10,1,1.5,0.90,0.90,0.00
Greg Polson,13/10/2025,Scone,EXPERT TIPS,FALSE,Thoroughbred,5,1,BACK,WIN,,1. Favour The Bold,2,,248922546,89707907,10,1,1.5,0.90,0.90,0.00
Shayne O'Cass,13/10/2025,Scone,EXPERT TIPS,FALSE,Thoroughbred,6,3,BACK,WIN,,3. King Jerry,2,,248922551,80438226,10,0,3.03,-2.00,-2.00,0.00
Greg Polson,13/10/2025,Scone,EXPERT TIPS,FALSE,Thoroughbred,6,3,BACK,WIN,,3. King Jerry,2,,248922551,80438226,10,0,3.03,-2.00,-2.00,0.00
Greg Polson,13/10/2025,Scone,EXPERT TIPS,FALSE,Thoroughbred,7,13,BACK,WIN,,13. Rainbow Blessing,2,,248922556,89707922,10,0,5.71,-2.00,-2.00,0.00
Shayne O'Cass,13/10/2025,Scone,EXPERT TIPS,FALSE,Thoroughbred,8,2,BACK,WIN,,2. Pony Soprano,2,,248922561,89707925,10,0,6,-2.00,-2.00,0.00
Greg Polson,13/10/2025,Scone,EXPERT TIPS,FALSE,Thoroughbred,8,3,BACK,WIN,,3. Wherestheprofit,2,,248922561,89707926,10,1,3.3,4.14,4.14,0.00
Ryan Spice,14/10/2025,Albion Park,EXPERT TIPS,FALSE,Harness,2,7,BACK,WIN,$3.30,7. John Snow,3,BEST BET,249012029,10494902,8,0,4.94,-3.00,-3.00,-3.00
Ryan Spice,14/10/2025,Albion Park,EXPERT TIPS,FALSE,Harness,4,7,LAY,PLACE,$1.80,7. Stripes,1,BEST BET,249012034,4222217,8,0,2.08,0.85,0.00,0.85
Ryan Spice,14/10/2025,Albion Park,EXPERT TIPS,FALSE,Harness,6,7,BACK,WIN,$21.00,7. Roll Up,1,,249012037,46701074,8,0,16.85,-1.00,0.00,0.00
Shayne O'Cass,14/10/2025,Armidale,EXPERT TIPS,FALSE,Thoroughbred,1,6,BACK,WIN,,6. Xerxes,2,BEST BET,248961885,2908049,10,0,2.27,-2.00,-2.00,-2.00
Greg Polson,14/10/2025,Armidale,EXPERT TIPS,FALSE,Thoroughbred,1,6,BACK,WIN,,6. Xerxes,2,,248961885,2908049,10,0,2.27,-2.00,-2.00,0.00
Greg Polson,14/10/2025,Armidale,EXPERT TIPS,FALSE,Thoroughbred,2,1,BACK,WIN,,1. Rips Law,2,,248961890,89748207,10,0,5.63,-2.00,-2.00,0.00
Greg Polson,14/10/2025,Armidale,EXPERT TIPS,FALSE,Thoroughbred,3,1,BACK,WIN,,1. Nirmata,2,,248961895,89748209,10,1,3.86,5.15,5.15,0.00
Shayne O'Cass,14/10/2025,Armidale,EXPERT TIPS,FALSE,Thoroughbred,4,2,BACK,WIN,,2. Concoction,2,,248961900,89748216,10,1,2.74,3.13,3.13,0.00
The Leg Up,14/10/2025,Armidale,EXPERT TIPS,FALSE,Thoroughbred,4,2,BACK,WIN,$3.00,2. CONCOCTION,1,,248961900,89748216,10,1,2.74,1.57,0.00,0.00
Greg Polson,14/10/2025,Armidale,EXPERT TIPS,FALSE,Thoroughbred,4,3,BACK,WIN,,3. City Gold Speed,2,,248961900,85813784,10,0,7.28,-2.00,-2.00,0.00
Shayne O'Cass,14/10/2025,Armidale,EXPERT TIPS,FALSE,Thoroughbred,5,10,BACK,WIN,,10. Pee Dee,2,,248961905,38016268,10,0,16,-2.00,-2.00,0.00
Greg Polson,14/10/2025,Armidale,EXPERT TIPS,FALSE,Thoroughbred,5,1,BACK,WIN,,1. Enniroc ,2,,248961905,71404027,10,0,4.09,-2.00,-2.00,0.00
Greg Polson,14/10/2025,Armidale,EXPERT TIPS,FALSE,Thoroughbred,6,10,BACK,WIN,,10. Ivy Diva,2,,248961910,76052431,10,0,6.8,-2.00,-2.00,0.00
Shayne O'Cass,14/10/2025,Armidale,EXPERT TIPS,FALSE,Thoroughbred,6,3,BACK,WIN,,3. Gerety,2,,248961910,56321623,10,0,5.2,-2.00,-2.00,0.00
Shayne O'Cass,14/10/2025,Armidale,EXPERT TIPS,FALSE,Thoroughbred,6,3,BACK,PLACE,,3. Gerety,2,,248961911,56321623,10,0,2.01,-2.00,-2.00,0.00
Greg Polson,14/10/2025,Armidale,EXPERT TIPS,FALSE,Thoroughbred,7,1,BACK,WIN,,1. Puzzle Designer ,2,,248961915,57847424,10,0,10.29,-2.00,-2.00,0.00
Brad Waters,14/10/2025,Ballarat,EXPERT TIPS,FALSE,Thoroughbred,6,6,BACK,WIN,,6. Ring True,2,,248962117,1448819,8,0,21,-2.00,-2.00,0.00
Brad Waters,14/10/2025,Ballarat,EXPERT TIPS,FALSE,Thoroughbred,6,6,BACK,PLACE,,6. Ring True,2,,248962121,1448819,8,0,4.39,-2.00,-2.00,0.00
Brad Waters,14/10/2025,Ballarat,EXPERT TIPS,FALSE,Thoroughbred,7,7,BACK,WIN,,7. Exuberance,2,,248962126,81184233,8,0,8.4,-2.00,-2.00,0.00
Brad Waters,14/10/2025,Ballarat,EXPERT TIPS,FALSE,Thoroughbred,8,2,BACK,WIN,,2. The Grumpy Bear,2,BEST BET,248962135,89101699,8,0,2.89,-2.00,-2.00,-2.00
Scott Hill,14/10/2025,Gloucester Park,EXPERT TIPS,FALSE,Harness,1,1,BACK,WIN,$1.65,1. Drop The Ace,3,BEST BET,249012762,86905485,8,1,2.53,4.22,4.22,4.22
Scott Hill,14/10/2025,Gloucester Park,EXPERT TIPS,FALSE,Harness,2,1,LAY,WIN,$2.50,1. Siangdi,3,,249012765,41224283,8,1,2.48,-3.00,-3.00,0.00
Scott Hill,14/10/2025,Gloucester Park,EXPERT TIPS,FALSE,Harness,3,4,BACK,WIN,$3.30,4. Pinny Noir,1,,249012768,89747825,8,0,8.4,-1.00,-1.00,0.00
Scott Hill,14/10/2025,Gloucester Park,EXPERT TIPS,FALSE,Harness,4,10,BACK,PLACE,$1.65,10. Unlucky,3,,249012772,7907753,8,1,1.85,2.35,2.35,0.00
Scott Hill,14/10/2025,Gloucester Park,EXPERT TIPS,FALSE,Harness,7,8,BACK,WIN,$3.30,8. Miki Windermere,1,,249012780,80148107,8,0,6.95,-1.00,-1.00,0.00
Shayne O'Cass,14/10/2025,Murwillumbah,EXPERT TIPS,FALSE,Thoroughbred,1,5,BACK,WIN,,5. Alleze,2,BEST BET,248961920,89748176,10,1,2.06,1.91,1.91,1.91
Greg Polson,14/10/2025,Murwillumbah,EXPERT TIPS,FALSE,Thoroughbred,1,6,BACK,WIN,,6. Prestige Pak,2,,248961920,89748177,10,0,3.19,-2.00,-2.00,0.00
Shayne O'Cass,14/10/2025,Murwillumbah,EXPERT TIPS,FALSE,Thoroughbred,2,2,BACK,WIN,,2. Mofeed,2,,248961925,64545581,10,1,2.22,2.20,2.20,0.00
Greg Polson,14/10/2025,Murwillumbah,EXPERT TIPS,FALSE,Thoroughbred,2,2,BACK,WIN,,2. Mofeed,2,,248961925,64545581,10,1,2.22,2.20,2.20,0.00
Greg Polson,14/10/2025,Murwillumbah,EXPERT TIPS,FALSE,Thoroughbred,3,1,BACK,WIN,,1. Smart Recognition,2,,248961930,62393500,10,1,1.76,1.37,1.37,0.00
Shayne O'Cass,14/10/2025,Murwillumbah,EXPERT TIPS,FALSE,Thoroughbred,3,4,BACK,WIN,,4. Credit Controller,2,,248961930,89748180,10,0,7.69,-2.00,-2.00,0.00
Shayne O'Cass,14/10/2025,Murwillumbah,EXPERT TIPS,FALSE,Thoroughbred,3,4,BACK,PLACE,,4. Credit Controller,2,,248961931,89748180,10,1,1.87,1.57,1.57,0.00
Greg Polson,14/10/2025,Murwillumbah,EXPERT TIPS,FALSE,Thoroughbred,4,8,BACK,WIN,,8. Symos Boy,2,,248961935,89748185,10,0,1.76,-2.00,-2.00,0.00
Shayne O'Cass,14/10/2025,Murwillumbah,EXPERT TIPS,FALSE,Thoroughbred,5,3,BACK,WIN,,3. Doingiteasy,2,,248961940,87206534,10,1,2.4,2.52,2.52,0.00
Mitch Lewis,14/10/2025,Murwillumbah,EXPERT TIPS,FALSE,Thoroughbred,5,3,BACK,WIN,$2.70,3. Doingiteasy,2,,248961940,87206534,10,1,2.4,2.52,0.00,0.00
Greg Polson,14/10/2025,Murwillumbah,EXPERT TIPS,FALSE,Thoroughbred,5,4,BACK,WIN,,4. Homeland,2,,248961940,889353,10,0,8,-2.00,-2.00,0.00
The Leg Up,14/10/2025,Murwillumbah,EXPERT TIPS,FALSE,Thoroughbred,6,6,BACK,WIN,$2.60,6. FRIEND IN NEED,1,,248961945,61371859,10,0,5.39,-1.00,-1.00,0.00
Greg Polson,14/10/2025,Murwillumbah,EXPERT TIPS,FALSE,Thoroughbred,6,6,BACK,WIN,,6. Friend In Need,2,,248961945,61371859,10,0,5.39,-2.00,-2.00,0.00
Shayne O'Cass,14/10/2025,Murwillumbah,EXPERT TIPS,FALSE,Thoroughbred,7,2,BACK,WIN,,2. Pierre Cardinnigan,2,,248961950,77687771,10,1,5.7,8.46,8.46,0.00
Mitch Lewis,14/10/2025,Murwillumbah,EXPERT TIPS,FALSE,Thoroughbred,7,4,BACK,WIN,$3.50,4. Wonderland Star,1,,248961950,62558312,10,0,3.5,-1.00,-1.00,0.00
Greg Polson,14/10/2025,Murwillumbah,EXPERT TIPS,FALSE,Thoroughbred,7,4,BACK,WIN,,4. Wonderland Star ,2,,248961950,62558312,10,0,3.5,-2.00,-2.00,0.00
Will Norman,14/10/2025,Newcastle,EXPERT TIPS,FALSE,Harness,1,4,BACK,WIN,$2.70,4. Peppercorn Barry,2,BEST BET,249012346,50581460,8,0,2.3,-2.00,0.00,-2.00
Brett & Darren Carroll,14/10/2025,Shepparton,EXPERT TIPS,FALSE,Harness,1,7,BACK,WIN,$2.40,7. Wicked Wizard,1,,249012011,1029952,8,0,3.4,-1.00,-1.00,0.00
Brett & Darren Carroll,14/10/2025,Shepparton,EXPERT TIPS,FALSE,Harness,4,8,BACK,WIN,$1.80,8. Miki B,3,BEST BET,249012017,89709479,8,1,2.21,3.34,3.34,3.34
Brett & Darren Carroll,14/10/2025,Shepparton,EXPERT TIPS,FALSE,Harness,7,4,BACK,WIN,$3.50,4. Joeys Hangover,1,,249012023,16040074,8,0,4.3,-1.00,-1.00,0.00
Brett & Darren Carroll,14/10/2025,Shepparton,EXPERT TIPS,FALSE,Harness,8,4,BACK,WIN,$3.50,4. Favouritehighlight,1,,249012025,24888154,8,0,10.5,-1.00,-1.00,0.00
Lachlan Mosley,15/10/2025,Balaklava,EXPERT TIPS,FALSE,Thoroughbred,5,3,BACK,WIN,,3. Obi,2,BEST BET,249009998,49739414,8,1,17.51,30.38,30.38,30.38
Lachlan Mosley,15/10/2025,Balaklava,EXPERT TIPS,FALSE,Thoroughbred,5,3,BACK,PLACE,,3. Obi,2,BEST BET,249009999,49739414,8,1,3.3,4.23,4.23,4.23
Lachlan Mosley,15/10/2025,Balaklava,EXPERT TIPS,FALSE,Thoroughbred,6,1,BACK,WIN,,1. Mapleway,2,,249010007,89885905,8,0,4.13,-2.00,-2.00,0.00
Lachlan Mosley,15/10/2025,Balaklava,EXPERT TIPS,FALSE,Thoroughbred,6,1,BACK,PLACE,,1. Mapleway,2,,249010008,89885905,8,1,1.86,1.58,1.58,0.00
Lachlan Mosley,15/10/2025,Balaklava,EXPERT TIPS,FALSE,Thoroughbred,7,1,BACK,WIN,,1. Setteveli ,2,,249010016,89885907,8,0,5.59,-2.00,-2.00,0.00
Michael Tye,15/10/2025,Ballarat,EXPERT TIPS,FALSE,Greyhounds,12,1,BACK,WIN,$1.80,1. Paw Kramer,1,,249058310,69608280,8,0,1.31,-1.00,0.00,0.00
Michael Tye,15/10/2025,Ballarat,EXPERT TIPS,FALSE,Greyhounds,2,5,BACK,WIN,$2.75,5. Espoir ,1,,249058260,89265940,8,1,4.6,3.31,3.31,0.00
Michael Tye,15/10/2025,Ballarat,EXPERT TIPS,FALSE,Greyhounds,3,7,BACK,WIN,$15.00,7. Ivory Ramen ,1,,249058265,89886585,8,0,8.83,-1.00,0.00,0.00
Michael Tye,15/10/2025,Ballarat,EXPERT TIPS,FALSE,Greyhounds,4,4,LAY,WIN,$3.15,4. Aston Countach,2,BEST BET,249058270,89886589,8,1,1.97,-2.00,-2.00,-2.00
Michael Tye,15/10/2025,Ballarat,EXPERT TIPS,FALSE,Greyhounds,5,5,LAY,WIN,$4.75,5. Especial Kai ,1,,249058275,89886594,8,0,8.38,0.12,0.00,0.00
Michael Tye,15/10/2025,Ballarat,EXPERT TIPS,FALSE,Greyhounds,7,4,BACK,WIN,$3.00,4. Kiwi Kenji ,3,BEST BET,249058285,75638693,8,0,4.59,-3.00,-3.00,-3.00
Michael Tye,15/10/2025,Ballarat,EXPERT TIPS,FALSE,Greyhounds,9,7,LAY,WIN,$5.00,7. Aussie Classic,2,,249058295,89886600,8,0,15,0.13,0.00,0.00
Brett & Darren Carroll,15/10/2025,Bendigo,EXPERT TIPS,FALSE,Harness,1,7,BACK,WIN,$1.80,7. Heavens Love Story,3,BEST BET,249057670,89793038,8,0,2.16,-3.00,-3.00,-3.00
Brett & Darren Carroll,15/10/2025,Bendigo,EXPERT TIPS,FALSE,Harness,4,3,BACK,WIN,$2.00,3. Outa The Blue,2,,249057676,38275371,8,0,2.09,-2.00,-2.00,0.00
Brett & Darren Carroll,15/10/2025,Bendigo,EXPERT TIPS,FALSE,Harness,6,10,BACK,WIN,$3.00,10. Countess Chiron,1,,249057680,25751053,8,0,13.87,-1.00,-1.00,0.00
Brett & Darren Carroll,15/10/2025,Bendigo,EXPERT TIPS,FALSE,Harness,7,1,BACK,WIN,$2.20,1. Lilstrepo,1,,249057682,83608641,8,0,2.24,-1.00,-1.00,0.00
Brett & Darren Carroll,15/10/2025,Bendigo,EXPERT TIPS,FALSE,Harness,8,1,LAY,WIN,$9.00,1. Military Merit,2,BEST BET,249057684,70680866,8,0,43.25,0.04,0.00,0.04
Brett & Darren Carroll,15/10/2025,Bendigo,EXPERT TIPS,FALSE,Harness,9,1,BACK,WIN,$2.50,1. Platinum Jive,1,,249057686,62908335,8,1,7.75,6.21,6.21,0.00
Jackson Oldham,15/10/2025,Caulfield,EXPERT TIPS,FALSE,Thoroughbred,3,5,LAY,WIN,$5.20,5. Shadhavar ,2,BEST BET,249009430,89886114,8,0,4.8,0.48,0.48,0.48
Jackson Oldham,15/10/2025,Caulfield,EXPERT TIPS,FALSE,Thoroughbred,6,7,BACK,WIN,$2.20,7. Zambardo,3,BEST BET,249009457,89886131,8,1,2.37,3.78,3.78,3.78
The Leg Up,15/10/2025,Warwick Farm,EXPERT TIPS,FALSE,Thoroughbred,3,13,BACK,WIN,$4.00,13. Peace Bird,1,,249009504,89886062,10,0,11,-1.00,-1.00,0.00
Mitch Lewis,15/10/2025,Warwick Farm,EXPERT TIPS,FALSE,Thoroughbred,4,2,BACK,WIN,$3.00,2. Editing,2,BEST BET,249009513,82538458,10,0,4.2,-2.00,-2.00,-2.00
The Leg Up,15/10/2025,Warwick Farm,EXPERT TIPS,FALSE,Thoroughbred,5,3,BACK,WIN,$5.00,3. Geriatrix,1,,249009522,61521233,10,0,7.99,-1.00,-1.00,0.00
Mitch Lewis,15/10/2025,Warwick Farm,EXPERT TIPS,FALSE,Thoroughbred,6,3,BACK,WIN,$3.00,3. Silver Wedding,2,,249009531,89886071,10,0,3.04,-2.00,-2.00,0.00
Mitch Lewis,15/10/2025,Warwick Farm,EXPERT TIPS,FALSE,Thoroughbred,7,6,BACK,WIN,$10.00,6. Rapbidash,1,BEST BET,249009540,66295231,10,0,2.98,-1.00,0.00,-1.00
Brett & Darren Carroll,16/10/2025,Ballarat,EXPERT TIPS,FALSE,Harness,1,6,BACK,WIN,$1.80,6. Artigas,2,,249110669,88968344,8,0,2.1,-2.00,-2.00,0.00
Brett & Darren Carroll,16/10/2025,Ballarat,EXPERT TIPS,FALSE,Harness,3,10,BACK,WIN,$1.80,10. Illawong Phoenix,3,BEST BET,249110673,38177364,8,1,3.45,6.76,6.76,6.76
The Leg Up,16/10/2025,Goulburn,EXPERT TIPS,FALSE,Thoroughbred,3,5,BACK,WIN,$1.40,5. Kreon,1,,249058130,89435661,10,0,1.69,-1.00,-1.00,0.00
Mitch Lewis,16/10/2025,Hawkesbury,EXPERT TIPS,FALSE,Thoroughbred,3,1,BACK,WIN,$2.20,1. Bluebird Bay,2,BEST BET,249058165,80972320,10,0,3.15,-2.00,-2.00,-2.00
The Leg Up,16/10/2025,Hawkesbury,EXPERT TIPS,FALSE,Thoroughbred,3,5,BACK,WIN,$7.00,5. Oh Deer,1,,249058165,78566176,10,0,16.5,-1.00,-1.00,0.00
The Leg Up,16/10/2025,Hawkesbury,EXPERT TIPS,FALSE,Thoroughbred,5,3,BACK,WIN,$1.80,3. Horizons,1,,249058175,89921217,10,0,2.2,-1.00,-1.00,0.00
Mitch Lewis,16/10/2025,Hawkesbury,EXPERT TIPS,FALSE,Thoroughbred,7,2,BACK,WIN,$4.50,2. Pretty Tavi,1,,249058185,54084825,10,0,6,-1.00,-1.00,0.00
The Leg Up,16/10/2025,Hawkesbury,EXPERT TIPS,FALSE,Thoroughbred,7,10,BACK,WIN,$11.00,10. Miss Fleetwood,1,,249058185,79258817,10,0,20.64,-1.00,-1.00,0.00
Mitch Lewis,16/10/2025,Hawkesbury,EXPERT TIPS,FALSE,Thoroughbred,8,8,BACK,WIN,$2.50,8. Aligned,2,,249058190,6112409,10,0,2.16,-2.00,0.00,0.00
Will Norman,16/10/2025,Penrith,EXPERT TIPS,FALSE,Harness,1,9,BACK,WIN,$2.00,9. Rocknroll Gig,2,BEST BET,249110807,54118876,8,0,2.63,-2.00,-2.00,-2.00
Michael Tye,16/10/2025,Sandown Park,EXPERT TIPS,FALSE,Greyhounds,1,7,BACK,WIN,$3.15,7. Foxy Barbella ,2,,249108109,85059797,8,0,7.15,-2.00,-2.00,0.00
Michael Tye,16/10/2025,Sandown Park,EXPERT TIPS,FALSE,Greyhounds,3,1,BACK,PLACE,$1.90,1. Magic Snowdrop ,2,,249108120,74815141,8,1,1.4,0.74,0.00,0.00
Michael Tye,16/10/2025,Sandown Park,EXPERT TIPS,FALSE,Greyhounds,5,6,BACK,WIN,$3.25,6. Dr Asher ,2,BEST BET,249108129,65566211,8,0,2.58,-2.00,0.00,-2.00
Michael Tye,16/10/2025,Sandown Park,EXPERT TIPS,FALSE,Greyhounds,6,1,BACK,WIN,$5.00,1. Urana Xavier ,1,,249108134,77303471,8,0,4.7,-1.00,0.00,0.00
Michael Tye,16/10/2025,Sandown Park,EXPERT TIPS,FALSE,Greyhounds,6,1,BACK,PLACE,$5.00,1. Urana Xavier ,1,,249108135,77303471,8,0,1.43,-1.00,0.00,0.00
Michael Tye,16/10/2025,Sandown Park,EXPERT TIPS,FALSE,Greyhounds,7,8,LAY,WIN,$6.50,8. Bagman ,1,,249108139,59083788,8,0,8,0.13,0.00,0.00
Michael Tye,16/10/2025,Sandown Park,EXPERT TIPS,FALSE,Greyhounds,8,1,LAY,WIN,$5.00,1. Mepunga Tully ,2,BEST BET,249108144,68601060,8,1,3.79,-2.00,-2.00,-2.00
The Leg Up,18/10/2025,Caulfield,EXPERT TIPS,FALSE,Thoroughbred,2,7,BACK,WIN,$4.00,7. Arabian Prince,1,,249108192,1356309,8,0,7.64,-1.00,-1.00,0.00
The Leg Up,18/10/2025,Caulfield,EXPERT TIPS,FALSE,Thoroughbred,4,2,BACK,WIN,$2.30,2. Tentyris,1,,249108230,80091897,8,1,2.39,1.28,1.28,0.00
The Leg Up,18/10/2025,Caulfield,EXPERT TIPS,FALSE,Thoroughbred,7,4,BACK,WIN,$5.00,4. Getta Good Feeling,1,,249108287,89967548,8,0,8.61,-1.00,-1.00,0.00
The Leg Up,18/10/2025,Caulfield,EXPERT TIPS,FALSE,Thoroughbred,7,7,BACK,WIN,$15.00,7. Steel Trap,1,,249108287,89967549,8,0,60,-1.00,-1.00,0.00
The Leg Up,18/10/2025,Caulfield,EXPERT TIPS,FALSE,Thoroughbred,9,15,BACK,WIN,$2.40,15. Half Yours,1,BEST BET,249108325,89967560,8,1,2.7,1.56,1.56,1.56
The Leg Up,18/10/2025,Caulfield,EXPERT TIPS,FALSE,Thoroughbred,9,10,BACK,WIN,$14.00,10. Deakin,1,,249108325,89967558,8,0,13.14,-1.00,0.00,0.00
Michael Tye,17/10/2025,Geelong,EXPERT TIPS,FALSE,Greyhounds,11,1,LAY,WIN,$4.50,1. Tornado Tahlia ,1,BEST BET,249155598,60529580,8,0,7.6,0.14,0.00,0.14
Michael Tye,17/10/2025,Geelong,EXPERT TIPS,FALSE,Greyhounds,3,1,LAY,WIN,$8.00,1. Agitation,1,,249155558,89720080,8,0,8.56,0.12,0.00,0.00
Michael Tye,17/10/2025,Geelong,EXPERT TIPS,FALSE,Greyhounds,4,8,BACK,WIN,$1.60,8. Baffert,3,BEST BET,249155563,89966848,8,1,1.72,1.99,1.99,1.99
Michael Tye,17/10/2025,Geelong,EXPERT TIPS,FALSE,Greyhounds,5,3,BACK,WIN,$2.00,3. Zipping Rupert ,2,,249155568,82894505,8,0,1.59,-2.00,0.00,0.00
Michael Tye,17/10/2025,Geelong,EXPERT TIPS,FALSE,Greyhounds,6,8,BACK,WIN,$1.75,8. Caco Magic ,2,,249155573,87094574,8,0,1.28,-2.00,0.00,0.00
Michael Tye,17/10/2025,Geelong,EXPERT TIPS,FALSE,Greyhounds,8,6,BACK,WIN,$2.50,6. Traumatise,2,,249155583,84661736,8,0,2.3,-2.00,0.00,0.00
Scott Hill,17/10/2025,Gloucester Park,EXPERT TIPS,FALSE,Harness,2,7,BACK,WIN,$2.20,7. Opal Hunter,2,,249155417,59199862,8,1,2.45,2.67,2.67,0.00
Scott Hill,17/10/2025,Gloucester Park,EXPERT TIPS,FALSE,Harness,3,9,BACK,WIN,$2.00,9. Hotly Pursued,3,BEST BET,249155420,63057820,8,0,2.24,-3.00,-3.00,-3.00
Scott Hill,17/10/2025,Gloucester Park,EXPERT TIPS,FALSE,Harness,3,11,LAY,PLACE,$2.80,11. The Iron Duke,3,,249155421,66366054,8,1,2.23,-3.00,-3.00,0.00
Scott Hill,17/10/2025,Gloucester Park,EXPERT TIPS,FALSE,Harness,4,2,BACK,WIN,$2.50,2. Swingband,2,,249155423,42549365,8,0,4.8,-2.00,-2.00,0.00
Scott Hill,17/10/2025,Gloucester Park,EXPERT TIPS,FALSE,Harness,5,11,BACK,WIN,$6.00,11. Belly Up,1,,249155426,89943067,8,0,17.02,-1.00,-1.00,0.00
Scott Hill,17/10/2025,Gloucester Park,EXPERT TIPS,FALSE,Harness,5,11,BACK,PLACE,$6.00,11. Belly Up,1,,249155427,89943067,8,1,4.2,2.94,0.00,0.00
Scott Hill,17/10/2025,Gloucester Park,EXPERT TIPS,FALSE,Harness,6,12,BACK,WIN,$3.30,12. Aardiebytheseaside,1,,249155429,89943070,8,0,4,-1.00,-1.00,0.00
Scott Hill,17/10/2025,Gloucester Park,EXPERT TIPS,FALSE,Harness,8,7,BACK,WIN,$6.00,7. Joey James,1,,249155435,36036920,8,0,14.17,-1.00,-1.00,0.00
Scott Hill,17/10/2025,Gloucester Park,EXPERT TIPS,FALSE,Harness,9,9,BACK,WIN,$1.30,9. Fakenit,5,BEST BET,249155438,87511106,8,0,1.53,-5.00,-5.00,-5.00
Will Norman,17/10/2025,Newcastle,EXPERT TIPS,FALSE,Harness,2,1,BACK,PLACE,$2.50,1. Ire Of The Dragon,2,,249152108,28211220,8,0,3.05,-2.00,-2.00,0.00
Will Norman,17/10/2025,Newcastle,EXPERT TIPS,FALSE,Harness,3,7,LAY,WIN,$3.50,7. Half Holiday,1,,249152110,69869575,8,0,3.1,0.44,0.44,0.00
Will Norman,17/10/2025,Newcastle,EXPERT TIPS,FALSE,Harness,6,7,BACK,WIN,$1.70,7. Lewie Kelly,3,BEST BET,249152119,81017093,8,0,1.57,-3.00,0.00,-3.00
Will Norman,17/10/2025,Newcastle,EXPERT TIPS,FALSE,Harness,8,4,BACK,WIN,$4.50,4. Heaven Fast,1,,249152125,89937470,8,0,4.5,-1.00,-1.00,0.00
Jackson Oldham,17/10/2025,Pakenham,EXPERT TIPS,FALSE,Thoroughbred,3,1,BACK,WIN,$3.00,1. Southern Slammer,2,BEST BET,249110069,89967025,8,0,3.93,-2.00,-2.00,-2.00
Jackson Oldham,17/10/2025,Pakenham,EXPERT TIPS,FALSE,Thoroughbred,3,5,LAY,WIN,$3.00,5. Katsumi Orochi,3,BEST BET,249110069,89967028,8,1,2.48,-3.00,-3.00,-3.00
The Leg Up,18/10/2025,Randwick,EXPERT TIPS,FALSE,Thoroughbred,1,8,BACK,WIN,$4.00,8. Miles Of Glory,1,,249107695,89967272,10,0,4.9,-1.00,-1.00,0.00
The Leg Up,18/10/2025,Randwick,EXPERT TIPS,FALSE,Thoroughbred,2,6,BACK,WIN,$3.50,6. More Felons,1,,249107704,62032863,10,0,3.8,-1.00,-1.00,0.00
The Leg Up,18/10/2025,Randwick,EXPERT TIPS,FALSE,Thoroughbred,4,12,BACK,WIN,$12.00,12. Polymnia,1,,249107722,89967291,10,0,20.04,-1.00,-1.00,0.00
The Leg Up,18/10/2025,Randwick,EXPERT TIPS,FALSE,Thoroughbred,4,10,BACK,WIN,$4.00,10. Idle Flyer,1,,249107722,71939999,10,1,3.29,2.06,0.00,0.00
The Leg Up,18/10/2025,Randwick,EXPERT TIPS,FALSE,Thoroughbred,4,15,BACK,WIN,$41.00,15. Lets Fly,1,,249107722,3344023,10,0,118.77,-1.00,-1.00,0.00
The Leg Up,18/10/2025,Randwick,EXPERT TIPS,FALSE,Thoroughbred,4,15,BACK,PLACE,$41.00,15. Lets Fly,1,,249107723,3344023,10,0,15.03,-1.00,0.00,0.00
The Leg Up,18/10/2025,Randwick,EXPERT TIPS,FALSE,Thoroughbred,6,5,BACK,WIN,$18.00,5. Coal Crusher,1,,249107740,41689528,10,0,24.8,-1.00,-1.00,0.00
The Leg Up,18/10/2025,Randwick,EXPERT TIPS,FALSE,Thoroughbred,6,5,BACK,PLACE,$18.00,5. Coal Crusher,1,,249107741,41689528,10,0,6.4,-1.00,0.00,0.00
The Leg Up,18/10/2025,Randwick,EXPERT TIPS,FALSE,Thoroughbred,7,5,BACK,WIN,$8.00,5. War Machine,1,,249060035,5349848,10,0,11.6,-1.00,-1.00,0.00
The Leg Up,18/10/2025,Randwick,EXPERT TIPS,FALSE,Thoroughbred,7,4,BACK,WIN,$10.00,4. Jimmysstar,1,,249060035,82603200,10,0,18.33,-1.00,-1.00,0.00
The Leg Up,18/10/2025,Randwick,EXPERT TIPS,FALSE,Thoroughbred,8,7,BACK,WIN,$9.00,7. Lord Penman,1,,249107758,87767995,10,0,13,-1.00,-1.00,0.00
The Leg Up,18/10/2025,Randwick,EXPERT TIPS,FALSE,Thoroughbred,9,4,BACK,WIN,$6.00,4. Lake Forest,1,,249107767,89018836,10,0,6.03,-1.00,-1.00,0.00
Brett & Darren Carroll,17/10/2025,Swan Hill,EXPERT TIPS,FALSE,Harness,1,8,BACK,WIN,$2.50,8. Serene Rock,2,,249152127,89922007,8,1,3.99,5.50,5.50,0.00
Brett & Darren Carroll,17/10/2025,Swan Hill,EXPERT TIPS,FALSE,Harness,3,2,BACK,WIN,$1.90,2. Angel Of Anger,2,,249152131,68417201,8,1,1.64,1.18,0.00,0.00
Brett & Darren Carroll,17/10/2025,Swan Hill,EXPERT TIPS,FALSE,Harness,6,10,BACK,WIN,$1.70,10. Alot Like Louie,3,BEST BET,249152137,88652090,8,1,1.84,2.32,2.32,2.32
Brett & Darren Carroll,17/10/2025,Swan Hill,EXPERT TIPS,FALSE,Harness,7,8,BACK,WIN,$2.00,8. Totally Stunning,2,,249152139,76098481,8,1,2.34,2.47,2.47,0.00
Mitch Lewis,17/10/2025,Taree,EXPERT TIPS,FALSE,Thoroughbred,1,7,LAY,WIN,$4.00,7. Think Of One,1,BEST BET,249107342,66365181,10,0,5.83,0.19,0.00,0.19
Mitch Lewis,17/10/2025,Taree,EXPERT TIPS,FALSE,Thoroughbred,3,3,BACK,WIN,$2.50,3. The Escape,2,BEST BET,249107352,60037677,10,0,2.2,-2.00,0.00,-2.00
The Leg Up,17/10/2025,Taree,EXPERT TIPS,FALSE,Thoroughbred,3,6,BACK,WIN,$3.50,6. Super Impressive,1,,249107352,67077263,10,0,4.87,-1.00,-1.00,0.00
The Leg Up,17/10/2025,Taree,EXPERT TIPS,FALSE,Thoroughbred,5,1,BACK,WIN,$2.50,1. Carmine,1,,249107362,88376056,10,0,2.34,-1.00,0.00,0.00
The Leg Up,17/10/2025,Taree,EXPERT TIPS,FALSE,Thoroughbred,5,8,BACK,WIN,$10.00,8. Devoted To You,1,,249107362,89966667,10,0,11.35,-1.00,-1.00,0.00
Mitch Lewis,17/10/2025,Taree,EXPERT TIPS,FALSE,Thoroughbred,6,2,BACK,WIN,$3.00,2. Barazin,2,,249107367,72200157,10,0,2.96,-2.00,0.00,0.00
Mitch Lewis,17/10/2025,Taree,EXPERT TIPS,FALSE,Thoroughbred,7,1,BACK,WIN,$2.50,1. Auzstar,2,,249107372,41408278,10,0,3.15,-2.00,-2.00,0.00
The Leg Up,17/10/2025,Taree,EXPERT TIPS,FALSE,Thoroughbred,8,1,BACK,WIN,$2.50,1. De Forza,1,,249107377,89966673,10,1,3.43,2.19,2.19,0.00
Michael Tye,17/10/2025,Wentworth Park,EXPERT TIPS,FALSE,Greyhounds,1,5,BACK,WIN,$13.00,5. Tough But Fair ,1,,249155950,89921614,8,0,10.2,-1.00,0.00,0.00
Michael Tye,17/10/2025,Wentworth Park,EXPERT TIPS,FALSE,Greyhounds,1,5,BACK,PLACE,$13.00,5. Tough But Fair ,1,,249155951,89921614,8,0,2.56,-1.00,0.00,0.00
Michael Tye,17/10/2025,Wentworth Park,EXPERT TIPS,FALSE,Greyhounds,3,2,BACK,WIN,$2.30,2. Texas Bandit ,2,,249155960,3731087,8,1,3.2,4.05,4.05,0.00
Michael Tye,17/10/2025,Wentworth Park,EXPERT TIPS,FALSE,Greyhounds,4,1,BACK,WIN,$1.65,1. Zipper On Time ,3,BEST BET,249155965,87678052,8,1,1.52,1.44,0.00,1.44
Michael Tye,17/10/2025,Wentworth Park,EXPERT TIPS,FALSE,Greyhounds,5,3,BACK,WIN,$2.50,3. Mepunga Smokey ,2,,249155970,57625924,8,1,2.3,2.39,0.00,0.00
Michael Tye,17/10/2025,Wentworth Park,EXPERT TIPS,FALSE,Greyhounds,5,1,BACK,WIN,$4.50,1. Father Rick ,2,,249155970,43256809,8,0,7.14,-2.00,-2.00,0.00
Michael Tye,17/10/2025,Wentworth Park,EXPERT TIPS,FALSE,Greyhounds,7,3,BACK,WIN,$1.68,3. Without A Trace,3,,249155980,3129696,8,1,2,2.76,2.76,0.00
Michael Tye,17/10/2025,Wentworth Park,EXPERT TIPS,FALSE,Greyhounds,8,2,LAY,WIN,$3.40,2. Eriza Sparkles,2,BEST BET,249155985,83410985,8,0,3.25,0.82,0.82,0.82
Michael Tye,17/10/2025,Wentworth Park,EXPERT TIPS,FALSE,Greyhounds,8,7,BACK,WIN,$10.00,7. Smooth Plane ,2,,249155985,62591520,8,0,11.67,-2.00,-2.00,0.00
Ryan Spice,18/10/2025,Albion Park,EXPERT TIPS,FALSE,Harness,2,1,BACK,WIN,$1.50,1. Soho Casablanca,3,BEST BET,249195974,41008500,8,0,2.04,-3.00,-3.00,-3.00
Ryan Spice,18/10/2025,Albion Park,EXPERT TIPS,FALSE,Harness,4,6,BACK,WIN,$4.00,6. Send It ,2,,249195980,28315980,8,1,3.1,3.86,0.00,0.00
Ryan Spice,18/10/2025,Albion Park,EXPERT TIPS,FALSE,Harness,4,4,BACK,WIN,$8.00,4. Miracle Moose,1,,249195980,20705385,8,0,6,-1.00,0.00,0.00
Ryan Spice,18/10/2025,Albion Park,EXPERT TIPS,FALSE,Harness,6,3,BACK,PLACE,$2.00,3. Tims A Trooper,2,,249195987,41008502,8,0,2.86,-2.00,-2.00,0.00
Rory Flanagan,18/10/2025,Ascot,EXPERT TIPS,TRUE,Thoroughbred,1,5,BACK,WIN,$4.00,Stay True,2,,249166690,27010255,6,0,8.35,-2.00,-2.00,0.00
Terry Leighton,18/10/2025,Ascot,EXPERT TIPS,FALSE,Thoroughbred,10,2,BACK,WIN,$3.80,2. Brave Spirit,2,,249111903,3891062,8,0,5.76,-2.00,-2.00,0.00
Terry Leighton,18/10/2025,Ascot,EXPERT TIPS,FALSE,Thoroughbred,10,10,BACK,WIN,$8.80,10. Yarralea,1,,249111903,59148079,8,0,25.12,-1.00,-1.00,0.00
Terry Leighton,18/10/2025,Ascot,EXPERT TIPS,FALSE,Thoroughbred,2,3,BACK,WIN,$3.60,3. Just Saint James,2,,249111831,66993486,8,1,3.7,4.97,4.97,0.00
Rory Flanagan,18/10/2025,Ascot,EXPERT TIPS,TRUE,Thoroughbred,3,9,BACK,WIN,$4.00,Montassib,2,,249166704,35792170,6,0,14.43,-2.00,-2.00,0.00
Rory Flanagan,18/10/2025,Ascot,EXPERT TIPS,TRUE,Thoroughbred,3,8,BACK,WIN,$4.00,Lazzat,2,,249166704,65106746,6,0,3.47,-2.00,0.00,0.00
Terry Leighton,18/10/2025,Ascot,EXPERT TIPS,FALSE,Thoroughbred,4,11,BACK,WIN,$2.65,11. Pure Excess,2,,249111849,84108073,8,0,3.4,-2.00,-2.00,0.00
Rory Flanagan,18/10/2025,Ascot,EXPERT TIPS,TRUE,Thoroughbred,4,6,BACK,WIN,$5.00,Quisisana,2,,249166712,780571,6,0,9.59,-2.00,-2.00,0.00
Rory Flanagan,18/10/2025,Ascot,EXPERT TIPS,TRUE,Thoroughbred,4,5,BACK,WIN,$6.00,One Look,1,,249166712,985524,6,0,17.02,-1.00,-1.00,0.00
Terry Leighton,18/10/2025,Ascot,EXPERT TIPS,FALSE,Thoroughbred,5,7,BACK,WIN,$4.60,7. Otheroneson,1,,249111858,89968152,8,0,8.47,-1.00,-1.00,0.00
Rory Flanagan,18/10/2025,Ascot,EXPERT TIPS,TRUE,Thoroughbred,5,6,BACK,WIN,$5.00,Never So Brave,1,,249166719,57419600,6,0,9.36,-1.00,-1.00,0.00
Rory Flanagan,18/10/2025,Ascot,EXPERT TIPS,TRUE,Thoroughbred,5,14,BACK,WIN,$8.00,The Lion In Winter,1,,249166719,71695054,6,0,24,-1.00,-1.00,0.00
Rory Flanagan,18/10/2025,Ascot,EXPERT TIPS,TRUE,Thoroughbred,5,6,BACK,PLACE,$5.00,Never So Brave,1,,249166720,57419600,6,0,2.79,-1.00,0.00,0.00
Rory Flanagan,18/10/2025,Ascot,EXPERT TIPS,TRUE,Thoroughbred,5,14,BACK,PLACE,$8.00,The Lion In Winter,1,,249166720,71695054,6,1,5.56,4.29,0.00,0.00
Rory Flanagan,18/10/2025,Ascot,EXPERT TIPS,TRUE,Thoroughbred,6,2,BACK,WIN,$3.00,Calandagan,3,,249166727,58720277,6,1,3.34,6.60,6.60,0.00
Rory Flanagan,18/10/2025,Ascot,EXPERT TIPS,TRUE,Thoroughbred,6,9,BACK,WIN,$3.00,Delacroix,3,,249166727,233630,6,0,7.13,-3.00,-3.00,0.00
Terry Leighton,18/10/2025,Ascot,EXPERT TIPS,FALSE,Thoroughbred,6,1,BACK,WIN,$4.50,1. Blazing Emerald,3,BEST BET,249111867,88612739,8,0,14.92,-3.00,-3.00,-3.00
Terry Leighton,18/10/2025,Ascot,EXPERT TIPS,FALSE,Thoroughbred,6,1,BACK,PLACE,$4.50,1. Blazing Emerald,3,BEST BET,249111868,88612739,8,0,3.25,-3.00,0.00,-3.00
Terry Leighton,18/10/2025,Ascot,EXPERT TIPS,FALSE,Thoroughbred,7,5,BACK,WIN,$3.60,5. Jaz Session,2,,249111876,89968158,8,0,3.71,-2.00,-2.00,0.00
Terry Leighton,18/10/2025,Ascot,EXPERT TIPS,FALSE,Thoroughbred,7,3,BACK,WIN,$7.90,3. Sky Duke,1,,249111876,50663403,8,0,21.71,-1.00,-1.00,0.00
Terry Leighton,18/10/2025,Ascot,EXPERT TIPS,FALSE,Thoroughbred,8,2,BACK,WIN,$3.00,2. Rope Them In,3,BEST BET,249111885,68384886,8,1,7.2,17.11,17.11,17.11
Terry Leighton,18/10/2025,Ascot,EXPERT TIPS,FALSE,Thoroughbred,8,9,BACK,WIN,$3.50,9. Super Smink,1,BEST BET,249111885,52594588,8,0,3.42,-1.00,0.00,-1.00
Terry Leighton,18/10/2025,Ascot,EXPERT TIPS,FALSE,Thoroughbred,9,5,BACK,WIN,$6.10,5. Comfort Me,1,,249111894,27831146,8,0,7.8,-1.00,-1.00,0.00
Terry Leighton,18/10/2025,Ascot,EXPERT TIPS,FALSE,Thoroughbred,9,5,BACK,PLACE,$6.10,5. Comfort Me,1,,249111895,27831146,8,1,2.17,1.08,0.00,0.00
2 UNITS,18/10/2025,Caulfield,EXPERT TIPS,FALSE,Thoroughbred,1,5,BACK,WIN,,5. Bacash,2,,249108173,89967525,8,1,2.77,3.26,3.26,0.00
2 UNITS,18/10/2025,Caulfield,EXPERT TIPS,FALSE,Thoroughbred,10,5,BACK,WIN,,5. Abounding,2,,249108344,56873237,8,1,3.23,4.10,4.10,0.00
Trent Crebbin,18/10/2025,Caulfield,EXPERT TIPS,FALSE,Thoroughbred,10,1,BACK,WIN,$3.00,1. Miraval Rose,2,,249108344,89967564,8,0,2.8,-2.00,0.00,0.00
2 UNITS,18/10/2025,Caulfield,EXPERT TIPS,FALSE,Thoroughbred,10,1,BACK,WIN,,1. Miraval Rose,2,,249108344,89967564,8,0,2.8,-2.00,-2.00,0.00
Ben Asgari,18/10/2025,Caulfield,EXPERT TIPS,FALSE,Thoroughbred,2,9,BACK,WIN,$7.00,9. Deal Done Fast,1,,249108192,87857872,8,0,12.41,-1.00,-1.00,0.00
2 UNITS,18/10/2025,Caulfield,EXPERT TIPS,FALSE,Thoroughbred,2,6,BACK,WIN,,6. Amazake,2,,249108192,88376580,8,0,30.06,-2.00,-2.00,0.00
Ben Asgari,18/10/2025,Caulfield,EXPERT TIPS,FALSE,Thoroughbred,2,9,BACK,PLACE,$7.00,9. Deal Done Fast,1,,249108193,87857872,8,0,2.6,-1.00,0.00,0.00
2 UNITS,18/10/2025,Caulfield,EXPERT TIPS,FALSE,Thoroughbred,2,6,BACK,PLACE,,6. Amazake,2,,249108193,88376580,8,1,5.63,8.52,8.52,0.00
2 UNITS,18/10/2025,Caulfield,EXPERT TIPS,FALSE,Thoroughbred,3,3,BACK,WIN,,3. Just A Journey,2,,249108211,89967533,8,0,3.16,-2.00,-2.00,0.00
2 UNITS,18/10/2025,Caulfield,EXPERT TIPS,FALSE,Thoroughbred,3,12,BACK,WIN,,12. Future Frankie,2,,249108211,89967537,8,0,16.5,-2.00,-2.00,0.00
2 UNITS,18/10/2025,Caulfield,EXPERT TIPS,FALSE,Thoroughbred,3,12,BACK,PLACE,,12. Future Frankie,2,,249108212,89967537,8,0,4.4,-2.00,-2.00,0.00
2 UNITS,18/10/2025,Caulfield,EXPERT TIPS,FALSE,Thoroughbred,4,3,BACK,WIN,,3. Raging Force,2,,249108230,1366782,8,0,5.39,-2.00,-2.00,0.00
Trent Crebbin,18/10/2025,Caulfield,EXPERT TIPS,FALSE,Thoroughbred,4,2,BACK,WIN,$2.35,2. Tentyris,5,,249108230,80091897,8,1,2.39,6.39,6.39,0.00
2 UNITS,18/10/2025,Caulfield,EXPERT TIPS,FALSE,Thoroughbred,4,2,BACK,WIN,,2. Tentyris,2,,249108230,80091897,8,1,2.39,2.56,2.56,0.00
Trent Crebbin,18/10/2025,Caulfield,EXPERT TIPS,FALSE,Thoroughbred,5,1,BACK,WIN,$5.00,1. Austmarr,1,,249108249,65023457,8,0,8.14,-1.00,-1.00,0.00
2 UNITS,18/10/2025,Caulfield,EXPERT TIPS,FALSE,Thoroughbred,5,9,BACK,WIN,,9. Stokke,2,,249108249,69323080,8,0,7.03,-2.00,-2.00,0.00
2 UNITS,18/10/2025,Caulfield,EXPERT TIPS,FALSE,Thoroughbred,5,9,BACK,PLACE,,9. Stokke,2,,249108250,69323080,8,0,2.57,-2.00,-2.00,0.00
Ben Asgari,18/10/2025,Caulfield,EXPERT TIPS,FALSE,Thoroughbred,6,7,LAY,WIN,$7.00,7. Zealously,2,,249108268,70570789,8,0,3.23,0.83,0.83,0.00
2 UNITS,18/10/2025,Caulfield,EXPERT TIPS,FALSE,Thoroughbred,6,7,BACK,WIN,,7. Zealously,2,,249108268,70570789,8,0,3.23,-2.00,-2.00,0.00
Trent Crebbin,18/10/2025,Caulfield,EXPERT TIPS,FALSE,Thoroughbred,6,1,BACK,WIN,$5.00,1. Rey Magnerio,1,,249108268,82602693,8,1,10.5,8.74,8.74,0.00
Jackson Oldham,18/10/2025,Caulfield,EXPERT TIPS,FALSE,Thoroughbred,6,7,LAY,WIN,$3.80,7. Zealously,3,BEST BET,249108268,70570789,8,0,3.23,1.24,1.24,1.24
Tom Haylock,18/10/2025,Caulfield,EXPERT TIPS,FALSE,Thoroughbred,6,7,BACK,WIN,,7. Zealously,1,,249108268,70570789,8,0,3.23,-1.00,-1.00,0.00
2 UNITS,18/10/2025,Caulfield,EXPERT TIPS,FALSE,Thoroughbred,6,1,BACK,WIN,,1. Rey Magnerio,2,,249108268,82602693,8,1,10.5,17.48,17.48,0.00
Trent Crebbin,18/10/2025,Caulfield,EXPERT TIPS,FALSE,Thoroughbred,6,3,BACK,WIN,$4.00,3. Arabian Summer,1,,249108268,62558780,8,0,4.5,-1.00,-1.00,0.00
Liam Clancey,18/10/2025,Caulfield,EXPERT TIPS,FALSE,Thoroughbred,6,1,BACK,WIN,$5.90,1. Rey Magnerio,1,,249108268,82602693,8,1,10.5,8.74,8.74,0.00
Liam Clancey,18/10/2025,Caulfield,EXPERT TIPS,FALSE,Thoroughbred,6,1,BACK,PLACE,$5.90,1. Rey Magnerio,1,,249108269,82602693,8,1,2.23,1.13,0.00,0.00
2 UNITS,18/10/2025,Caulfield,EXPERT TIPS,FALSE,Thoroughbred,7,11,BACK,WIN,,11. Chateau Eze,2,,249108287,89967552,8,0,19.5,-2.00,-2.00,0.00
Trent Crebbin,18/10/2025,Caulfield,EXPERT TIPS,FALSE,Thoroughbred,7,3,BACK,WIN,$4.50,3. Ole Dancer,2,,249108287,89967547,8,1,6.4,9.94,9.94,0.00
2 UNITS,18/10/2025,Caulfield,EXPERT TIPS,FALSE,Thoroughbred,7,9,BACK,WIN,,9. Ethereum Girl,2,,249108287,89967551,8,0,63.26,-2.00,-2.00,0.00
Trent Crebbin,18/10/2025,Caulfield,EXPERT TIPS,FALSE,Thoroughbred,7,4,BACK,WIN,$7.50,4. Getta Good Feeling,1,,249108287,89967548,8,0,8.61,-1.00,-1.00,0.00
2 UNITS,18/10/2025,Caulfield,EXPERT TIPS,FALSE,Thoroughbred,7,6,BACK,WIN,,6. Salty Pearl,2,,249108287,82344508,8,0,42,-2.00,-2.00,0.00
Trent Crebbin,18/10/2025,Caulfield,EXPERT TIPS,FALSE,Thoroughbred,7,11,BACK,WIN,$11.00,11. Chateau Eze,1,,249108287,89967552,8,0,19.5,-1.00,-1.00,0.00
Liam Clancey,18/10/2025,Caulfield,EXPERT TIPS,FALSE,Thoroughbred,7,4,BACK,WIN,$6.60,4. Getta Good Feeling,2,,249108287,89967548,8,0,8.61,-2.00,-2.00,0.00
Liam Clancey,18/10/2025,Caulfield,EXPERT TIPS,FALSE,Thoroughbred,7,4,BACK,PLACE,$6.60,4. Getta Good Feeling,2,,249108288,89967548,8,1,2.39,2.56,0.00,0.00
2 UNITS,18/10/2025,Caulfield,EXPERT TIPS,FALSE,Thoroughbred,8,2,BACK,WIN,,2. Private Eye,2,,249108306,31550681,8,1,2.1,2.02,2.02,0.00
Trent Crebbin,18/10/2025,Caulfield,EXPERT TIPS,FALSE,Thoroughbred,8,2,BACK,WIN,$2.50,2. Private Eye,3,,249108306,31550681,8,1,2.1,3.04,0.00,0.00
Tom Haylock,18/10/2025,Caulfield,EXPERT TIPS,FALSE,Thoroughbred,8,2,BACK,WIN,,2. Private Eye,3,BEST BET,249108306,31550681,8,1,2.1,3.04,3.04,3.04
Liam Clancey,18/10/2025,Caulfield,EXPERT TIPS,FALSE,Thoroughbred,8,1,BACK,WIN,$5.40,1. Here To Shock,2,,249108306,42536814,8,0,10.67,-2.00,-2.00,0.00
Liam Clancey,18/10/2025,Caulfield,EXPERT TIPS,FALSE,Thoroughbred,8,1,BACK,PLACE,$5.40,1. Here To Shock,2,,249108307,42536814,8,0,2.65,-2.00,0.00,0.00
Ben Asgari,18/10/2025,Caulfield,EXPERT TIPS,FALSE,Thoroughbred,9,15,BACK,WIN,$2.50,15. Half Yours,3,BEST BET,249108325,89967560,8,1,2.7,4.69,4.69,4.69
2 UNITS,18/10/2025,Caulfield,EXPERT TIPS,FALSE,Thoroughbred,9,15,BACK,WIN,,15. Half Yours,2,BEST BET,249108325,89967560,8,1,2.7,3.13,3.13,3.13
Liam Clancey,18/10/2025,Caulfield,EXPERT TIPS,FALSE,Thoroughbred,9,14,BACK,WIN,$8.70,14. Birdman,1,,249108325,75313893,8,0,30,-1.00,-1.00,0.00
Trent Crebbin,18/10/2025,Caulfield,EXPERT TIPS,FALSE,Thoroughbred,9,4,BACK,WIN,$5.00,4. Meydaan,3,,249108325,89967556,8,0,17,-3.00,-3.00,0.00
Jackson Oldham,18/10/2025,Caulfield,EXPERT TIPS,FALSE,Thoroughbred,9,15,BACK,WIN,$2.45,15. Half Yours,2,BEST BET,249108325,89967560,8,1,2.7,3.13,3.13,3.13
2 UNITS,18/10/2025,Caulfield,EXPERT TIPS,FALSE,Thoroughbred,9,10,BACK,WIN,,10. Deakin,2,,249108325,89967558,8,0,13.14,-2.00,-2.00,0.00
Liam Clancey,18/10/2025,Caulfield,EXPERT TIPS,FALSE,Thoroughbred,9,8,BACK,WIN,$12.50,8. Adelaide River,1,,249108325,73991601,8,0,18.24,-1.00,-1.00,0.00
Trent Crebbin,18/10/2025,Caulfield,EXPERT TIPS,FALSE,Thoroughbred,9,3,BACK,WIN,$10.00,3. Middle Earth,1,,249108325,1189145,8,0,19.03,-1.00,-1.00,0.00
Trent Crebbin,18/10/2025,Caulfield,EXPERT TIPS,FALSE,Thoroughbred,9,8,BACK,WIN,$17.00,8. Adelaide River,1,,249108325,73991601,8,0,18.24,-1.00,-1.00,0.00
Brett & Darren Carroll,18/10/2025,Melton,EXPERT TIPS,FALSE,Harness,3,9,BACK,WIN,$1.90,9. Soho Americano,3,BEST BET,249154350,67127532,8,1,3.15,5.93,5.93,5.93
Brett & Darren Carroll,18/10/2025,Melton,EXPERT TIPS,FALSE,Harness,8,7,BACK,WIN,$1.60,7. Kiss,2,,249154365,210441,8,0,2.41,-2.00,-2.00,0.00
Brett & Darren Carroll,18/10/2025,Melton,EXPERT TIPS,FALSE,Harness,9,7,BACK,WIN,$2.40,7. No Notthebuttons,1,,249154368,85513632,8,0,5,-1.00,-1.00,0.00
Will Norman,18/10/2025,Menangle,EXPERT TIPS,FALSE,Harness,2,10,LAY,WIN,$3.50,10. Captains Knock,1,,249192345,3652214,8,0,4.36,0.27,0.00,0.00
Will Norman,18/10/2025,Menangle,EXPERT TIPS,FALSE,Harness,3,4,BACK,WIN,$1.80,4. Gunna Reload,3,,249192348,75325810,8,1,1.88,2.43,2.43,0.00
Will Norman,18/10/2025,Menangle,EXPERT TIPS,FALSE,Harness,5,2,BACK,WIN,$4.00,2. Promising,2,,249192354,13427752,8,1,6.23,9.62,9.62,0.00
Will Norman,18/10/2025,Menangle,EXPERT TIPS,FALSE,Harness,7,1,BACK,WIN,$1.60,1. Path To Greatness,3,BEST BET,249192360,82311215,8,0,1.98,-3.00,-3.00,-3.00
Will Norman,18/10/2025,Menangle,EXPERT TIPS,FALSE,Harness,8,8,BACK,WIN,$2.20,8. Our Goat,2,,249192363,59895642,8,1,2.72,3.16,3.16,0.00
Will Norman,18/10/2025,Menangle,EXPERT TIPS,FALSE,Harness,9,7,BACK,WIN,$1.60,7. Royal Cruiser,3,,249192366,66498674,8,1,1.49,1.35,0.00,0.00
Lachlan Mosley,18/10/2025,Morphettville,EXPERT TIPS,FALSE,Thoroughbred,10,6,BACK,WIN,,6. Alainge ,2,,249110469,85981931,8,0,8.4,-2.00,-2.00,0.00
Lachlan Mosley,18/10/2025,Morphettville,EXPERT TIPS,FALSE,Thoroughbred,10,6,BACK,PLACE,,6. Alainge ,2,,249110470,85981931,8,0,2.15,-2.00,-2.00,0.00
2 UNITS,18/10/2025,Morphettville,EXPERT TIPS,FALSE,Thoroughbred,4,4,BACK,WIN,,4. Guru Warrior,2,,249110415,89966785,8,1,1.98,1.80,1.80,0.00
Lachlan Mosley,18/10/2025,Morphettville,EXPERT TIPS,FALSE,Thoroughbred,4,4,BACK,WIN,,4. Guru Warrior ,3,BEST BET,249110415,89966785,8,1,1.98,2.70,2.70,2.70
2 UNITS,18/10/2025,Morphettville,EXPERT TIPS,FALSE,Thoroughbred,6,6,BACK,WIN,,6. Condor,2,,249110433,636664,8,0,5.79,-2.00,-2.00,0.00
Lachlan Mosley,18/10/2025,Morphettville,EXPERT TIPS,FALSE,Thoroughbred,6,1,BACK,WIN,,1. Sixteen Reasons ,2,,249110433,89966790,8,0,5.21,-2.00,-2.00,0.00
Lachlan Mosley,18/10/2025,Morphettville,EXPERT TIPS,FALSE,Thoroughbred,6,1,BACK,PLACE,,1. Sixteen Reasons ,2,,249110434,89966790,8,1,1.47,0.86,0.86,0.00
2 UNITS,18/10/2025,Morphettville,EXPERT TIPS,FALSE,Thoroughbred,7,6,BACK,WIN,,6. Golden Guru,2,,249110442,991096,8,0,5.89,-2.00,-2.00,0.00
Lachlan Mosley,18/10/2025,Morphettville,EXPERT TIPS,FALSE,Thoroughbred,7,6,BACK,WIN,,6. Golden Guru,2,,249110442,991096,8,0,5.89,-2.00,-2.00,0.00
2 UNITS,18/10/2025,Morphettville,EXPERT TIPS,FALSE,Thoroughbred,8,4,BACK,WIN,,4. Shady Thinker,2,,249110451,89966797,8,1,2.4,2.58,2.58,0.00
Lachlan Mosley,18/10/2025,Morphettville,EXPERT TIPS,FALSE,Thoroughbred,8,3,BACK,WIN,,3. Riche Damour ,2,,249110451,81812255,8,0,16.73,-2.00,-2.00,0.00
Lachlan Mosley,18/10/2025,Morphettville,EXPERT TIPS,FALSE,Thoroughbred,8,3,BACK,PLACE,,3. Riche Damour ,2,,249110452,81812255,8,0,3.48,-2.00,-2.00,0.00
Lachlan Mosley,18/10/2025,Morphettville,EXPERT TIPS,FALSE,Thoroughbred,9,5,BACK,WIN,,5. Schroders Mistake ,2,,249110460,75084420,8,0,4.1,-2.00,-2.00,0.00
Lachlan Mosley,18/10/2025,Morphettville,EXPERT TIPS,FALSE,Thoroughbred,9,5,BACK,PLACE,,5. Schroders Mistake ,2,,249110461,75084420,8,0,1.74,-2.00,-2.00,0.00
The Leg Up,18/10/2025,Newcastle,EXPERT TIPS,FALSE,Thoroughbred,7,3,BACK,WIN,$4.00,3. Claim The Crown,1,BEST BET,249152048,57113891,10,0,5.45,-1.00,-1.00,-1.00
2 UNITS,18/10/2025,Randwick,EXPERT TIPS,FALSE,Thoroughbred,1,8,BACK,WIN,,8. Miles Of Glory,2,BEST BET,249107695,89967272,10,0,4.9,-2.00,-2.00,-2.00
Mitch Lewis,18/10/2025,Randwick,EXPERT TIPS,FALSE,Thoroughbred,10,7,LAY,WIN,$10.00,7. Kerguelen,1,,249107776,65292546,10,1,5.79,-1.00,-1.00,0.00
2 UNITS,18/10/2025,Randwick,EXPERT TIPS,FALSE,Thoroughbred,2,6,BACK,WIN,,6. More Felons,2,,249107704,62032863,10,0,3.8,-2.00,-2.00,0.00
Tom Haylock,18/10/2025,Randwick,EXPERT TIPS,FALSE,Thoroughbred,2,9,BACK,WIN,,9. Sam Hawkens,3,,249107704,89967284,10,0,2.39,-3.00,-3.00,0.00
2 UNITS,18/10/2025,Randwick,EXPERT TIPS,FALSE,Thoroughbred,5,11,BACK,WIN,,11. Clear Thinking,2,,249107731,89967294,10,1,4.07,5.53,5.53,0.00
Tom Haylock,18/10/2025,Randwick,EXPERT TIPS,FALSE,Thoroughbred,5,1,BACK,WIN,,1. Front Page,2,,249107731,14700244,10,0,4.55,-2.00,-2.00,0.00
Mitch Lewis,18/10/2025,Randwick,EXPERT TIPS,FALSE,Thoroughbred,5,3,BACK,WIN,$6.00,3. Compelling Truth,1,,249107731,43882970,10,0,18,-1.00,-1.00,0.00
Tom Haylock,18/10/2025,Randwick,EXPERT TIPS,FALSE,Thoroughbred,5,11,LAY,WIN,,11. Clear Thinking ,2,,249107731,89967294,10,1,4.07,-2.00,-2.00,0.00
Tom Haylock,18/10/2025,Randwick,EXPERT TIPS,FALSE,Thoroughbred,5,10,BACK,WIN,,10. Highway Strip,2,,249107731,89967293,10,0,16.5,-2.00,-2.00,0.00
Mitch Lewis,18/10/2025,Randwick,EXPERT TIPS,FALSE,Thoroughbred,5,3,BACK,PLACE,$6.00,3. Compelling Truth,1,,249107732,43882970,10,0,4.52,-1.00,0.00,0.00
Tom Haylock,18/10/2025,Randwick,EXPERT TIPS,FALSE,Thoroughbred,5,11,LAY,PLACE,,11. Clear Thinking ,2,,249107732,89967294,10,1,1.99,-2.00,-2.00,0.00
Tom Haylock,18/10/2025,Randwick,EXPERT TIPS,FALSE,Thoroughbred,5,10,BACK,PLACE,,10. Highway Strip,2,,249107732,89967293,10,0,4.34,-2.00,-2.00,0.00
2 UNITS,18/10/2025,Randwick,EXPERT TIPS,FALSE,Thoroughbred,6,10,BACK,WIN,,10. Caballus,2,,249107740,65788992,10,0,8.05,-2.00,-2.00,0.00
Mitch Lewis,18/10/2025,Randwick,EXPERT TIPS,FALSE,Thoroughbred,6,15,BACK,WIN,$2.50,15. Generosity,3,BEST BET,249107740,89967301,10,0,2.92,-3.00,-3.00,-3.00
Tom Haylock,18/10/2025,Randwick,EXPERT TIPS,FALSE,Thoroughbred,6,15,BACK,WIN,,15. Generosity,2,,249107740,89967301,10,0,2.92,-2.00,-2.00,0.00
Liam Clancey,18/10/2025,Randwick,EXPERT TIPS,FALSE,Thoroughbred,6,15,BACK,WIN,$2.90,15. Generosity,2,,249107740,89967301,10,0,2.92,-2.00,-2.00,0.00
Tom Haylock,18/10/2025,Randwick,EXPERT TIPS,FALSE,Thoroughbred,6,10,BACK,WIN,,10. Caballus,1,,249107740,65788992,10,0,8.05,-1.00,-1.00,0.00
Liam Clancey,18/10/2025,Randwick,EXPERT TIPS,FALSE,Thoroughbred,6,14,BACK,WIN,$11.20,14. Beauty Charge,1,,249107740,89967300,10,0,23,-1.00,-1.00,0.00
Liam Clancey,18/10/2025,Randwick,EXPERT TIPS,FALSE,Thoroughbred,6,14,BACK,PLACE,$11.20,14. Beauty Charge,1,,249107741,89967300,10,0,5.94,-1.00,0.00,0.00
2 UNITS,18/10/2025,Randwick,EXPERT TIPS,FALSE,Thoroughbred,7,9,BACK,WIN,,9. Joliestar,2,,249060035,89922047,10,0,6.14,-2.00,-2.00,0.00
2 UNITS,18/10/2025,Randwick,EXPERT TIPS,FALSE,Thoroughbred,7,12,BACK,WIN,,12. Tempted,2,,249060035,89922049,10,0,18.53,-2.00,-2.00,0.00
Mitch Lewis,18/10/2025,Randwick,EXPERT TIPS,FALSE,Thoroughbred,7,10,BACK,PLACE,$2.50,10. Lady Shenandoah,2,,249060033,89922048,10,0,3,-2.00,-2.00,0.00
Mitch Lewis,18/10/2025,Randwick,EXPERT TIPS,FALSE,Thoroughbred,7,9,BACK,PLACE,$2.00,9. Joliestar,2,,249060033,89922047,10,0,1.9,-2.00,0.00,0.00
Mitch Lewis,18/10/2025,Randwick,EXPERT TIPS,FALSE,Thoroughbred,7,1,LAY,PLACE,$1.30,1. Ka Ying Rising,2,BEST BET,249060033,73565877,10,1,1.5,-2.00,0.00,-2.00
2 UNITS,18/10/2025,Randwick,EXPERT TIPS,FALSE,Thoroughbred,7,2,BACK,WIN,,2. Briasa,2,,249060035,66614244,10,0,13.27,-2.00,-2.00,0.00
2 UNITS,18/10/2025,Randwick,EXPERT TIPS,FALSE,Thoroughbred,7,2,BACK,PLACE,,2. Briasa,2,,249060033,66614244,10,0,2.71,-2.00,-2.00,0.00
Mitch Lewis,18/10/2025,Randwick,EXPERT TIPS,FALSE,Thoroughbred,8,1,BACK,WIN,$3.00,1. Linebacker,2,,249107758,3776549,10,1,3.65,4.77,4.77,0.00
2 UNITS,18/10/2025,Randwick,EXPERT TIPS,FALSE,Thoroughbred,8,9,BACK,WIN,,9. Sabaj,2,,249107758,79803715,10,0,5,-2.00,-2.00,0.00
2 UNITS,18/10/2025,Randwick,EXPERT TIPS,FALSE,Thoroughbred,8,13,BACK,WIN,,13. Harlem Queen,2,,249107758,89967306,10,0,15.5,-2.00,-2.00,0.00
Liam Clancey,18/10/2025,Randwick,EXPERT TIPS,FALSE,Thoroughbred,8,13,BACK,WIN,$8.70,13. Harlem Queen,2,,249107758,89967306,10,0,15.5,-2.00,-2.00,0.00
2 UNITS,18/10/2025,Randwick,EXPERT TIPS,FALSE,Thoroughbred,8,13,BACK,PLACE,,13. Harlem Queen,2,,249107759,89967306,10,0,4.61,-2.00,-2.00,0.00
Liam Clancey,18/10/2025,Randwick,EXPERT TIPS,FALSE,Thoroughbred,8,13,BACK,PLACE,$8.70,13. Harlem Queen,2,,249107759,89967306,10,0,4.61,-2.00,0.00,0.00
2 UNITS,18/10/2025,Randwick,EXPERT TIPS,FALSE,Thoroughbred,9,6,BACK,WIN,,6. Pericles,2,,249107767,495810,10,0,16,-2.00,-2.00,0.00
2 UNITS,18/10/2025,Randwick,EXPERT TIPS,FALSE,Thoroughbred,9,10,LAY,WIN,,10. Fangirl,2,BEST BET,249107767,39722697,10,0,4.36,0.54,0.54,0.54
Brett & Darren Carroll,19/10/2025,Cranbourne,EXPERT TIPS,FALSE,Harness,1,10,BACK,WIN,$2.00,10. Harley Lane,1,,249232550,89967517,8,0,1.88,-1.00,0.00,0.00
Brett & Darren Carroll,19/10/2025,Cranbourne,EXPERT TIPS,FALSE,Harness,4,7,BACK,WIN,$1.50,7. Muskee,3,BEST BET,249232556,81186890,8,1,1.35,0.97,0.00,0.97
Brett & Darren Carroll,19/10/2025,Cranbourne,EXPERT TIPS,FALSE,Harness,5,1,BACK,WIN,$1.50,1. River Storm,2,,249232558,89967519,8,1,1.42,0.77,0.00,0.00
Will Norman,19/10/2025,Launceston,EXPERT TIPS,FALSE,Harness,1,3,BACK,WIN,$3.00,3. Ima Little Needy,2,,249239328,89970040,8,0,2.4,-2.00,0.00,0.00
Will Norman,19/10/2025,Launceston,EXPERT TIPS,FALSE,Harness,2,8,BACK,WIN,$3.00,8. Didyalousaroosta,2,,249239330,72383557,8,0,2.8,-2.00,0.00,0.00
Will Norman,19/10/2025,Launceston,EXPERT TIPS,FALSE,Harness,3,1,BACK,WIN,$2.20,1. My Way,3,,249239332,4999025,8,0,2.13,-3.00,0.00,0.00
Will Norman,19/10/2025,Launceston,EXPERT TIPS,FALSE,Harness,4,4,BACK,WIN,$2.20,4. One Big Shew,3,,249239334,38778746,8,0,3.7,-3.00,-3.00,0.00
Will Norman,19/10/2025,Launceston,EXPERT TIPS,FALSE,Harness,5,4,BACK,WIN,$3.00,4. Wind Sock,2,,249239336,2274304,8,0,2.1,-2.00,0.00,0.00
Will Norman,19/10/2025,Launceston,EXPERT TIPS,FALSE,Harness,6,10,BACK,WIN,$5.00,10. Glenledi Elvis,1,,249239338,62841357,8,0,10.5,-1.00,-1.00,0.00
Will Norman,19/10/2025,Launceston,EXPERT TIPS,FALSE,Harness,7,8,LAY,WIN,$6.00,8. Got The Glow,1,,249239340,82643661,8,0,8.8,0.12,0.00,0.00
Will Norman,19/10/2025,Launceston,EXPERT TIPS,FALSE,Harness,8,10,BACK,WIN,$4.50,10. Thee Old Bomb,1,,249239342,38923666,8,0,9.91,-1.00,-1.00,0.00
Will Norman,19/10/2025,Launceston,EXPERT TIPS,FALSE,Harness,8,10,BACK,PLACE,$4.50,10. Thee Old Bomb,1,,249239343,38923666,8,0,4.01,-1.00,0.00,0.00
Will Norman,19/10/2025,Launceston,EXPERT TIPS,FALSE,Harness,9,4,BACK,WIN,$3.00,4. Harrys Deal,2,,249239344,57306236,8,0,1.84,-2.00,0.00,0.00
